{"cameraMode":{"drawMode":0,"name":"Shaded","section":"Shading Mode"},"sceneLighting":true,"audioPlay":false,"sceneViewState":{"showFog":true,"showMaterialUpdate":false,"showSkybox":true,"showFlares":true,"showImageEffects":true,"showParticleSystems":true},"in2DMode":false,"pivot":{"x":0.3070000410079956,"y":1.2799999713897706,"z":2.0799999237060549},"rotation":{"x":0.16158325970172883,"y":0.0133177125826478,"z":-0.0021808603778481485,"w":0.9867672920227051},"size":9.457886695861817,"orthographic":false}